{
  "timestamp": "2025-10-31T14:29:59.784379+00:00",
  "total_signals": 4,
  "strong_signals": 2,
  "medium_signals": 2,
  "weak_signals": 0,
  "performance_stats": {
    "total_analyses": 4,
    "success_rate": 100.0,
    "avg_analysis_time_sec": 49.64,
    "avg_api_response_time_sec": 0,
    "recent_analysis_times": [
      [
        "EUR/USD",
        39.37184000015259
      ],
      [
        "GBP/USD",
        44.489954710006714
      ],
      [
        "USD/CHF",
        53.40593385696411
      ],
      [
        "EUR/JPY",
        61.289570808410645
      ]
    ],
    "recent_api_times": []
  }
}