{
  "timestamp": "2025-10-31T10:30:26.160315+00:00",
  "total_signals": 4,
  "strong_signals": 4,
  "medium_signals": 0,
  "weak_signals": 0,
  "performance_stats": {
    "total_analyses": 4,
    "success_rate": 100.0,
    "avg_analysis_time_sec": 49.36,
    "avg_api_response_time_sec": 0,
    "recent_analysis_times": [
      [
        "EUR/USD",
        37.23931360244751
      ],
      [
        "GBP/USD",
        45.593222856521606
      ],
      [
        "USD/CHF",
        52.59442114830017
      ],
      [
        "EUR/JPY",
        61.99522852897644
      ]
    ],
    "recent_api_times": []
  }
}