{
  "timestamp": "2025-10-31T16:36:01.504122+00:00",
  "total_signals": 4,
  "strong_signals": 4,
  "medium_signals": 0,
  "weak_signals": 0,
  "performance_stats": {
    "total_analyses": 4,
    "success_rate": 100.0,
    "avg_analysis_time_sec": 47.31,
    "avg_api_response_time_sec": 0,
    "recent_analysis_times": [
      [
        "EUR/USD",
        34.97918629646301
      ],
      [
        "GBP/USD",
        42.570236682891846
      ],
      [
        "USD/CHF",
        51.54042100906372
      ],
      [
        "EUR/JPY",
        60.14915227890015
      ]
    ],
    "recent_api_times": []
  }
}