{
  "timestamp": "2025-11-01T16:29:48.776010+00:00",
  "total_signals": 4,
  "strong_signals": 4,
  "medium_signals": 0,
  "weak_signals": 0,
  "performance_stats": {
    "total_analyses": 4,
    "success_rate": 100.0,
    "avg_analysis_time_sec": 45.65,
    "avg_api_response_time_sec": 0,
    "recent_analysis_times": [
      [
        "EUR/USD",
        34.966516733169556
      ],
      [
        "GBP/USD",
        41.29229259490967
      ],
      [
        "USD/CHF",
        49.371952056884766
      ],
      [
        "EUR/JPY",
        56.9601571559906
      ]
    ],
    "recent_api_times": []
  }
}