{
  "timestamp": "2025-10-31T12:56:49.624588+00:00",
  "total_signals": 4,
  "strong_signals": 3,
  "medium_signals": 1,
  "weak_signals": 0,
  "performance_stats": {
    "total_analyses": 4,
    "success_rate": 100.0,
    "avg_analysis_time_sec": 49.3,
    "avg_api_response_time_sec": 0,
    "recent_analysis_times": [
      [
        "EUR/USD",
        37.78429436683655
      ],
      [
        "GBP/USD",
        48.386563539505005
      ],
      [
        "USD/CHF",
        50.87057018280029
      ],
      [
        "EUR/JPY",
        60.147217750549316
      ]
    ],
    "recent_api_times": []
  }
}