{
  "timestamp": "2025-11-01T04:30:39.135789+00:00",
  "total_signals": 4,
  "strong_signals": 4,
  "medium_signals": 0,
  "weak_signals": 0,
  "performance_stats": {
    "total_analyses": 4,
    "success_rate": 100.0,
    "avg_analysis_time_sec": 45.83,
    "avg_api_response_time_sec": 0,
    "recent_analysis_times": [
      [
        "EUR/USD",
        33.345497846603394
      ],
      [
        "GBP/USD",
        41.24226403236389
      ],
      [
        "USD/CHF",
        48.86270332336426
      ],
      [
        "EUR/JPY",
        59.879642486572266
      ]
    ],
    "recent_api_times": []
  }
}