{
  "timestamp": "2025-10-30T16:36:46.451191+00:00",
  "total_signals": 4,
  "strong_signals": 3,
  "medium_signals": 1,
  "weak_signals": 0,
  "performance_stats": {
    "total_analyses": 4,
    "success_rate": 100.0,
    "avg_analysis_time_sec": 46.79,
    "avg_api_response_time_sec": 0,
    "recent_analysis_times": [
      [
        "EUR/USD",
        38.03523254394531
      ],
      [
        "GBP/USD",
        42.39462757110596
      ],
      [
        "USD/CHF",
        49.401365995407104
      ],
      [
        "EUR/JPY",
        57.34197950363159
      ]
    ],
    "recent_api_times": []
  }
}